nom,nom2,adresse,gurunavi,url,fb,mail,
ブラッスリー ジャン・ピエール,,福岡県,https://r.gnavi.co.jp/efyytm700000/,,,,
フランス料理 エスカーレ ラ・スール大阪店,,大阪府,https://r.gnavi.co.jp/666d3v600000/,,,,
京野菜フレンチ懐石 祇園 重なが,,京都府,https://r.gnavi.co.jp/r3sa8u0r0000/,,,,
ブラッスリー ジャン・ピエール,,福岡県,https://r.gnavi.co.jp/efyytm700000/,,,,
モナリザ 恵比寿店,,東京都,https://r.gnavi.co.jp/g205100/,http://www.monnalisa.co.jp/,,ebisu@monnalisa.co.jp,
ボンシュマン,,東京都,https://r.gnavi.co.jp/gd3r900/,http://www.bonchemin.com/,,info@bonchemin.com,
フィリップ・ミル 東京 （Philippe Mille Tokyo）,,東京都,https://r.gnavi.co.jp/hz9vsxg00000/,https://www.hiramatsurestaurant.jp/roppongi-terrace/,,,
ミチノ・ル・トゥールビヨン,,大阪府,https://r.gnavi.co.jp/98wtjauc0000/,,,,
スクレ・サレ,,東京都,https://r.gnavi.co.jp/a0s5nue30000/,,,,
レストラン リバージュ ISOYAMA,,東京都,https://r.gnavi.co.jp/17ddv9cs0000/,,,,
ベージュ アラン・デュカス 東京,,東京都,https://r.gnavi.co.jp/gagr700/,http://www.beige-tokyo.com/,,info@beige.co.jp,
ユニック（UNIQUE）,,大阪府,https://r.gnavi.co.jp/dzg89eg40000/,,,,
オーベルジュ・ド・リル ナゴヤ,,愛知県,https://r.gnavi.co.jp/7nz7j0jy0000/,,,,
レストラン タテル ヨシノ 銀座,,東京都,https://r.gnavi.co.jp/a961102/,http://www.tateruyoshino.com/,,info_ginza@tateruyoshino.com,
ジュー ドゥ マルシェ,,東京都,https://r.gnavi.co.jp/ph2wds7c0000/,http://jourdemarche.jp/,,,
オーベルジュ・ド・リル サッポロ,,北海道,https://r.gnavi.co.jp/rm66k4030000/,https://www.hiramatsurestaurant.jp/aubergedelill-sapporo/,,,
Le Cadeau,,京都府,https://r.gnavi.co.jp/8g854wy00000/,,,,
和ふらんす 神田川,,大阪府,https://r.gnavi.co.jp/kae0700/,http://kanndagawa.com/france.html,,,
Three peace,,大阪府,https://r.gnavi.co.jp/1t9ac2yf0000/,,,,
レストラン ブリーズヴェール,,東京都,https://r.gnavi.co.jp/fcv80ugu0000/,,,,
ORIGIN,,大阪府,https://r.gnavi.co.jp/7tbhtcbt0000/,,,,
ブラッスリー ジャン・ピエール,,福岡県,https://r.gnavi.co.jp/efyytm700000/,,,,
サンフォコン（Saint FAUCON）,,東京都,https://r.gnavi.co.jp/44n9jgh60000/,,,,
ザ・レギャン・トーキョー,,東京都,https://r.gnavi.co.jp/g466921/,http://www.legian.jp/,,shibuya@legian.jp,
STEAK＆FRENCH LORE TOKYO,,東京都,https://r.gnavi.co.jp/7tyzvxc50000/,,,,
THE MOON Restaurant （ザムーンレストラン）,,東京都,https://r.gnavi.co.jp/devmfh3k0000/,http://thesun-themoon.com/,,,
フレンチ懐石 広尾おくむら,,東京都,https://r.gnavi.co.jp/7se9ea1m0000/,,,,
Artichaut,,東京都,https://r.gnavi.co.jp/39czcp460000/,http://www.artichaut-ebisu.com/,,,
Cellier セリエ,,東京都,https://r.gnavi.co.jp/se9b0x4x0000/,https://cellierdesdimes.gorp.jp/,,,
IZAKAYA VIN （イザカヤ ヴァン）,,東京都,https://r.gnavi.co.jp/1epvyacb0000/,,,,
リストランテKubotsu,,福岡県,https://r.gnavi.co.jp/9r2ugv900000/,https://www.hiramatsurestaurant.jp/kubotsu/,,,
ブルーブリック ステーキハウス,,静岡県,https://r.gnavi.co.jp/s0hswn0y0000/,,,,
鉄板焼ステーキ 樹里‐ダリ‐,,大阪府,https://r.gnavi.co.jp/98dcnw1e0000/,,,,
AKARENGA STEAK HOUSE,,大阪府,https://r.gnavi.co.jp/a7yudje60000/,,,,
PETROS～Wine Bar＆Dining～（ペトロス）,,福岡県,https://r.gnavi.co.jp/kegg9nnm0000/,https://petros-fukuoka.gorp.jp/,,,
ライラ（Lyla）,,東京都,https://r.gnavi.co.jp/nhzxhryb0000/,,,,
ランベリー（L’Embellir）,,東京都,https://r.gnavi.co.jp/dvg01sjs0000/,,,,
名古屋東急ホテル「ロワール」（フレンチ）,,愛知県,https://r.gnavi.co.jp/ppf9w8nz0000/,,,,
emuN（エミュ）,,東京都,https://r.gnavi.co.jp/gc1x500/,http://blog.emu-francaise.jp/?pid=2748,,,
Restaurant L’allium（レストラン ラリューム）,,東京都,https://r.gnavi.co.jp/k02hws3z0000/,,,,
Bistro Q,,東京都,https://r.gnavi.co.jp/82zmredf0000/,,,,
KINOE,,東京都,https://r.gnavi.co.jp/7zapb2gm0000/,,,,
ブラッスリー ジャン・ピエール,,福岡県,https://r.gnavi.co.jp/efyytm700000/,,,,
ローストビーフの店鎌倉山 玉川店,,東京都,https://r.gnavi.co.jp/2jwdug2g0000/,,,,
巴里 夕顔,,東京都,https://r.gnavi.co.jp/gb38200/,http://www.py-f888.com/,,info@py-f888.com,
ステーキ鉄板焼 しゅうえ,,愛知県,https://r.gnavi.co.jp/1zw2r4c00000/,,,,
GINZA kansei,,東京都,https://r.gnavi.co.jp/nzkrzvan0000/,http://ginzakansei.com/,,,
蕎麦とフレンチ 仁木家,,兵庫県,https://r.gnavi.co.jp/47mj60n70000/,,,,
ラ・ファソン 古賀,,東京都,https://r.gnavi.co.jp/fa08kbe50000/,,,,
コートドール,,北海道,https://r.gnavi.co.jp/8jkvnnce0000/,http://www.restaurant-cotedor.com/,,,
北海道 フレンチレストラン ～ラ・カンサトゥール～,,東京都,https://r.gnavi.co.jp/5rr1nb1t0000/,http://kancatour.com/,,,
Ｖｉｎ ｄｅ Ｒｅｖｅ,,東京都,https://r.gnavi.co.jp/5j9j1g1y0000/,http://www.vin-de-reve.com/,,,
白土,,東京都,https://r.gnavi.co.jp/27x84b500000/,,,,
アンティカ・オステリア デル・ポンテ,,東京都,https://r.gnavi.co.jp/g763348/,http://www.anticaosteriadelponte.jp/,,antica@miyoshi-grp.com,
メゾン ド ヴァン 鶉亭,,京都府,https://r.gnavi.co.jp/2u2uexae0000/,,,,
レストラン ARGO,,東京都,https://r.gnavi.co.jp/d0a8yb6t0000/,,,argo@tojo.co.jp,
ミクニ サッポロ,,北海道,https://r.gnavi.co.jp/h044301/,,,,
Hommage,,東京都,https://r.gnavi.co.jp/gav3700/,http://www.hommage-arai.com/,,,
ルカンケ,,東京都,https://r.gnavi.co.jp/gaxb000/,http://requinquer.jp/,,,
シャンボール,,広島県,https://r.gnavi.co.jp/y129402/,http://www.rihga.co.jp/hiroshima,,hiroshima-restaurant@rihga.co.jp,
La Famille Morinaga,,京都府,https://r.gnavi.co.jp/bvkgggpa0000/,http://www.famille-morinaga.jp/,,,
仏蘭西料理 ラ・テラス,,奈良県,https://r.gnavi.co.jp/6z7c83fd0000/,http://laterrasse.jp/,,,
ラ メゾン ドゥ グラシアニ 神戸北野,,兵庫県,https://r.gnavi.co.jp/7ytgfdjd0000/,,,,
ブラッスリー ジャン・ピエール,,福岡県,https://r.gnavi.co.jp/efyytm700000/,,,,
レザンファン ギャテ,,東京都,https://r.gnavi.co.jp/gb4k600/,http://terrine-gates.com/index.html,,terrine@tkm.att.ne.jp,
Artisan de la Truffe Paris,,東京都,https://r.gnavi.co.jp/95zsruaj0000/,,,,
ラ・ボンヌターブル（LA BONNE TABLE）,,東京都,https://r.gnavi.co.jp/gvgsgx9x0000/,,,,
くりゑンテ kawabata,,石川県,https://r.gnavi.co.jp/6957kjf00000/,,,,
Chez KOBE（シェ・コーベ）,,愛知県,https://r.gnavi.co.jp/20b0upb60000/,,,,
ル・ヴァンキャトル le vin quatre,,東京都,https://r.gnavi.co.jp/a7k9sreb0000/,,https://www.facebook.com/pages/%E3%83%AB%E3%83%B4%E3%82%A1%E3%83%B3%E3%82%AD%E3%83%A3%E3%83%88%E3%83%AB/414573061977629?hc_location=timeline,,
Restaurant Kazu,,福岡県,https://r.gnavi.co.jp/djwx3cug0000/,,,,
Restaurant L’aube,,東京都,https://r.gnavi.co.jp/gabzmd690000/,https://www.restaurant-laube.com/,,,
サラマンジェ,,東京都,https://r.gnavi.co.jp/acnkmra00000/,,,,
レヴェランス（reverence）,,東京都,https://r.gnavi.co.jp/a6adm8zw0000/,,,,
フランス料理 Le Ciel （ル シエル）,,鹿児島県,https://r.gnavi.co.jp/k58ks7zx0000/,https://www.shiroyama-g.co.jp/restaurant/skylounge/,,,
ポンドール・イノ,,東京都,https://r.gnavi.co.jp/4vm7hvu30000/,http://www.pontdorinno.com/,,,
エタンセール カワモト,,福岡県,https://r.gnavi.co.jp/rppxzryd0000/,,,,
ラ・グランターブル ドゥ キタムラ,,愛知県,https://r.gnavi.co.jp/9w2gxxk50000/,,,,
ジャルダン ポール・ボキューズ,,石川県,https://r.gnavi.co.jp/456795410000/,https://www.hiramatsurestaurant.jp/paulbocuse-jardin/about/,,,
ASAHINA Gastronome,,東京都,https://r.gnavi.co.jp/k3pt84k40000/,,,,
レクテ（recte）,,東京都,https://r.gnavi.co.jp/p3bdn0yg0000/,,,,
Restaurant MiYa－Vie,,北海道,https://r.gnavi.co.jp/7w4jpxpe0000/,,,,
ＲＥＩＭＳ ＹＡＮＡＧＩＤＡＴＥ,,東京都,https://r.gnavi.co.jp/a578700/,http://www.reims.co.jp/,,,
ヒロミチ,,東京都,https://r.gnavi.co.jp/gan8100/,http://www.restaurant-hiromichi.com/,,,
ブラッスリー ジャン・ピエール,,福岡県,https://r.gnavi.co.jp/efyytm700000/,,,,
レストラン ル・クール神戸,,兵庫県,https://r.gnavi.co.jp/1y0pff1f0000/,,,,
ヨーロピアンキュイジーヌ ラ・プラージュ ホテル日航金沢,,石川県,https://r.gnavi.co.jp/ay205haj0000/,,,,
和風フレンチ ichiRyu,,東京都,https://r.gnavi.co.jp/6a59dhh20000/,,,,
Pinot・Noir（ピノ・ノワール）,,奈良県,https://r.gnavi.co.jp/pau16wvy0000/,,,,
フランス料理 サンテミリオン,,福岡県,https://r.gnavi.co.jp/db96yfje0000/,,,,
L’EAU,,東京都,https://r.gnavi.co.jp/cf6c2ps80000/,,,,
ル・レガル・トワ,,東京都,https://r.gnavi.co.jp/p991100/,http://www.regale-toi.com/index.html,,regale-toi@space.ocn.ne.jp,
レストランジョルジュマルソー,,福岡県,https://r.gnavi.co.jp/bkh8k42y0000/,http://gm.9syoku.com/,,rgm@9syoku.com,
Restaurant Minet．,,東京都,https://r.gnavi.co.jp/93v6vnk60000/,,,,
ドミニク・ブシェ トーキョー,,東京都,https://r.gnavi.co.jp/7tn753as0000/,http://www.dominique-bouchet.jp/,,,
オテル・ドゥ・ミクニ,,東京都,https://r.gnavi.co.jp/g860700/,http://www.oui-mikuni.co.jp/,,,
メゾン ポール・ボキューズ,,東京都,https://r.gnavi.co.jp/gvv7m36b0000/,http://www.paulbocuse.jp/maison/,,,
サンス・エ・サヴール,,東京都,https://r.gnavi.co.jp/g763336/,http://www.pourcel.jp/sensetsaveurs/,,ss@hiramatsu.co.jp,
アシエット,,東京都,https://r.gnavi.co.jp/8jf0ggtm0000/,http://seijo-assiette.com/,,,
シャテーニュ,,東京都,https://r.gnavi.co.jp/p8kjbcdu0000/,,,,
LE PONT DE CIEL,,大阪府,https://r.gnavi.co.jp/kbd9100/,http://pont-de-ciel.co.jp/,,,
ザ タヴァン グリル＆ラウンジ,,東京都,https://r.gnavi.co.jp/2hwsp8720000/,https://www.andaztokyo.jp/restaurants/jp/,,,
前芝料理店,,大阪府,https://r.gnavi.co.jp/prk0tkbn0000/,,,,
ビストロ・ド・ラ・シテ,,東京都,https://r.gnavi.co.jp/h1xdmsm40000/,https://sixarbres33.com/,,,
tawara,,石川県,https://r.gnavi.co.jp/600308dm0000/,http://tawara-kanazawa.jp/,,,
ブラッスリー ジャン・ピエール,,福岡県,https://r.gnavi.co.jp/efyytm700000/,,,,
レストラン コバヤシ,,東京都,https://r.gnavi.co.jp/690vz0580000/,,,,
京都牛懐石 稲吉,,京都府,https://r.gnavi.co.jp/mh779esc0000/,,,,
RESTAURANT Kinoshita （レストラン キノシタ）,,東京都,https://r.gnavi.co.jp/2mj94ds70000/,http://www.restaurant-kinoshita.com/,,,
パノラミックレストラン ル・ノルマンディ,,神奈川県,https://r.gnavi.co.jp/hnpdb2we0000/,http://www.hotel-newgrand.co.jp/,,info@hotel-newgrand.co.jp,
ラ・トリロジー（La TRILOGIE）,,愛知県,https://r.gnavi.co.jp/43m3gpxk0000/,,,,
レストラン ラウンジ アンクルハット,,東京都,https://r.gnavi.co.jp/4zxcda4e0000/,,,,
メインダイニングルーム ル・トリアノン,,神奈川県,https://r.gnavi.co.jp/j6vdfuf40000/,,,,
デフィ・ジョルジュマルソー,,福岡県,https://r.gnavi.co.jp/h9rurtew0000/,http://gm.9syoku.com/,,dgm@9syoku.com,
京都 三条 やま平,,京都府,https://r.gnavi.co.jp/4d73std70000/,,,,
神戸牛 PEARL,,兵庫県,https://r.gnavi.co.jp/gx1athrh0000/,,,,
Le BENKEI,,奈良県,https://r.gnavi.co.jp/k000900/,http://www.benkei.ne.jp/,,info@benkei.ne.jp,
L’atelier 泉,,愛知県,https://r.gnavi.co.jp/6r9vhxc90000/,,,,
坂の上レストラン,,東京都,https://r.gnavi.co.jp/g394616/,http://sakanoue-restaurant.jp/,,,
神戸牛炭火焼 ステーキ 銀座 煌 Fun,,東京都,https://r.gnavi.co.jp/cpywvcvp0000/,,,,
鉄板焼・フレンチ・和洋会席 ボナージュ 千里阪急ホテル,,大阪府,https://r.gnavi.co.jp/k395500/,http://www.senri-htl.co.jp/,,,
鉄板焼き Ekyu（エキュウ）,,新潟県,https://r.gnavi.co.jp/8h0bgm360000/,,,,
odeon オデオン,,東京都,https://r.gnavi.co.jp/sme5rj1z0000/,,,,
ローストビーフの店鎌倉山 横浜スカイビル店,,神奈川県,https://r.gnavi.co.jp/g181319/,http://www.roastbeef.jp/,,,
L’Effervescence,,東京都,https://r.gnavi.co.jp/6a7366fy0000/,http://www.leffervescence.jp/,,,
Reine des pres,,京都府,https://r.gnavi.co.jp/d6592dyk0000/,http://reine-des-pres.com/,,,
ブラッスリー ジャン・ピエール,,福岡県,https://r.gnavi.co.jp/efyytm700000/,,,,
chez Olivier,,東京都,https://r.gnavi.co.jp/323kn2mt0000/,http://www.chezolivier.co.jp/,,,
リーガロイヤルホテル レストラン シャンボール,,大阪府,https://r.gnavi.co.jp/6jjn6nze0000/,,https://www.facebook.com/sharer.php?u=http%3A%2F%2Fr.gnavi.co.jp%2F6jjn6nze0000%2F%23movie_1_fb,,
au deco（おでこ）,,東京都,https://r.gnavi.co.jp/ps4kae0m0000/,,,,
シャトー ラ・パルム・ドール,,三重県,https://r.gnavi.co.jp/1dyee9660000/,,,,
ル・マンジュ・トゥー,,東京都,https://r.gnavi.co.jp/gaer100/,http://www.le-mange-tout.com/,,,
La Biographie・・・,,京都府,https://r.gnavi.co.jp/sn2vn28v0000/,http://www.la-biographie.info/,,,
レストラン リューズ,,東京都,https://r.gnavi.co.jp/9zj3twbz0000/,http://restaurant-ryuzu.com/,,,
ルメルシマン オカモト,,東京都,https://r.gnavi.co.jp/7ktxyy1f0000/,http://chefokamoto.com/,,,
フレンチレストラン リュミエール,,大阪府,https://r.gnavi.co.jp/kb5y700/,http://k-coeur.com/,https://www.facebook.com/lumiere.since2006,,
L’Osier,,東京都,https://r.gnavi.co.jp/1yr1cu9v0000/,http://losier.shiseido.co.jp/,,,
ローブリュー,,東京都,https://r.gnavi.co.jp/gd25400/,http://www.lauburu.jp/,,,
Restaurant MOTOI,,京都府,https://r.gnavi.co.jp/ffkm3gya0000/,http://kyoto-motoi.com/,https://www.facebook.com/MOTO%C3%8F-1402241099995209/?__tn__=kC-R&eid=ARDWooV7PUD8HKlG-3Q0E7_vl9RPLh8sssEZ5ovl4dYViGjjIC2AGNTaYmogQLQNMhju5mi-EL9qZDtB&hc_ref=ARRWswI2wnuZtcDRF-eVQpw2VqwVBkPszGuNJbXGjlpDdXk6PSSvD1Vpux-UanOJMrA&fref=nf&__xts__%5B0%5D=68.ARDNo6nBmE8Pc_E-3xNIm4KvAGPB-GXMsydr1ElLf043CnTASAZMakxsx56FzqiXINeXOJLFHIiPH6ToObbjP0P72mueQftvVQDKNrJkAd0VPccnymRUQwftHZl4KTT2YTWF9r0FQiRzpkobfnHpwpdpGiD6TFg33Qxt-s-YQQCtS0fkNujD0RN_3fDbiGc1D0zMUW27MRIPqrUzn7Me9LsoxScLwcSuyOjZdeTbuE_AQVG6RAlPyUNVQ5r79jeeRRjiUR-y3SlLAXnb99qLX183DAk9fWBI47KPAoid4266BSpJLh1x-piOVRj-OAZpTA8r-KAx-CrfyZzvXvnCsDauzC-u,,
aki nagao,,北海道,https://r.gnavi.co.jp/h362500/,http://www.aki-nagao.com/,,,
Florilege,,東京都,https://r.gnavi.co.jp/as4uzhtp0000/,http://www.aoyama-florilege.jp/,,,
Le Musee,,北海道,https://r.gnavi.co.jp/gh5tkkv70000/,,,,
銀座レカン,,東京都,https://r.gnavi.co.jp/dkd5g4f50000/,http://www.lecringinza.co.jp/lecrin/,,,
メリメロ,,北海道,https://r.gnavi.co.jp/j3n9p5jy0000/,http://melimelo-sapporo.com/,,,
日比谷パレス,,東京都,https://r.gnavi.co.jp/feye26t80000/,,,,
ル・ジャンティオム,,北海道,https://r.gnavi.co.jp/h363600/,http://www.le-gentilhomme.com/index.html,,,
プレヴナンス,,東京都,https://r.gnavi.co.jp/1ga2vgw30000/,http://www.prevenance.biz/index.html,,,
ブラッスリー ジャン・ピエール,,福岡県,https://r.gnavi.co.jp/efyytm700000/,,,,
レストラン 唐草館,,北海道,https://r.gnavi.co.jp/1whwd62r0000/,http://karakusakan.com/,,madame@karakusakan.com,
Restaurant MAY,,東京都,https://r.gnavi.co.jp/10tycy390000/,,,,
Elan（エラン）,,東京都,https://r.gnavi.co.jp/5gemtcec0000/,,,,
モノリス,,東京都,https://r.gnavi.co.jp/mhpm45pm0000/,http://www.le-monolith.com/,,,
仏蘭西料亭 横濱元町 霧笛楼,,神奈川県,https://r.gnavi.co.jp/78pk55ez0000/,,,,
カーエム,,東京都,https://r.gnavi.co.jp/c8u1e8xc0000/,http://www.km-french.jp/,,,
アンプティトゥール,,東京都,https://r.gnavi.co.jp/d26m0wv50000/,http://unpetittour.net/,,,
AMOUR（アムール）,,東京都,https://r.gnavi.co.jp/6zp2j4fj0000/,http://www.amourtokyojapan.com/,,,
ラ・ロシェル 山王,,東京都,https://r.gnavi.co.jp/7nmbvxje0000/,,,,
RESTAURANT CHEVAL BLANC,,愛知県,https://r.gnavi.co.jp/1pjsssee0000/,,,,
シャントレル（Les Chanterelles）,,東京都,https://r.gnavi.co.jp/az0yb91d0000/,https://chanterelle.jp/,,,
SAKURA,,大阪府,https://r.gnavi.co.jp/6vfxu2ay0000/,,,,
玉木,,東京都,https://r.gnavi.co.jp/8g8w5s8p0000/,,,,
ロゼット ～センチュリーコート丸の内～,,東京都,https://r.gnavi.co.jp/kfbp18060000/,,,,
TTOAHISU,,福岡県,https://r.gnavi.co.jp/fm0bavs30000/,,,,
レストラン・タニ,,東京都,https://r.gnavi.co.jp/rj7wbpze0000/,http://restaurant-tani.com/,,,
bistro Chic,,京都府,https://r.gnavi.co.jp/4b14ja610000/,,,,
FURUYA augastronome,,東京都,https://r.gnavi.co.jp/4wmrhf8y0000/,,,,
l’algorithme アルゴリズム,,東京都,https://r.gnavi.co.jp/9f0bnhbs0000/,http://lalgorithme.com/,,,
アルジェント,,東京都,https://r.gnavi.co.jp/1jk4r8010000/,https://www.hiramatsurestaurant.jp/argento-asami/,,,
ブラッスリー ジャン・ピエール,,福岡県,https://r.gnavi.co.jp/efyytm700000/,,,,
フレンチレストラン バンケット,,北海道,https://r.gnavi.co.jp/eegp77610000/,http://www.banquet-s.com/,https://www.facebook.com/fr.banquet,,
グリシーヌ,,愛知県,https://r.gnavi.co.jp/cwmn9p3d0000/,,,,
サンプリシテ（Simplicite）,,東京都,https://r.gnavi.co.jp/kg34ka800000/,,,,
レストランひらまつ 博多,,福岡県,https://r.gnavi.co.jp/f9yzbuks0000/,,,,
レストラン Difference,,大阪府,https://r.gnavi.co.jp/5v82na6a0000/,http://difference.upper.jp/,,,
ad hoc,,大阪府,https://r.gnavi.co.jp/1t9eht9t0000/,,,,
yaoyu,,東京都,https://r.gnavi.co.jp/df2e16ce0000/,,,,
ラペ （La paix）,,東京都,https://r.gnavi.co.jp/kbwzmz3b0000/,,,,
ル スプートニク,,東京都,https://r.gnavi.co.jp/g33psdtx0000/,http://le-sputnik.jp/,,,
レスプリ ドゥ クゥー ドゥ フランス,,大阪府,https://r.gnavi.co.jp/j2bdmhw90000/,,,,
レストラン アラジン （Restaurant ALADDIN）,,東京都,https://r.gnavi.co.jp/ghdd61ej0000/,,,,
Takumi,,東京都,https://r.gnavi.co.jp/4cnzkcws0000/,,,,
レミニセンス（Reminiscence）,,愛知県,https://r.gnavi.co.jp/c6bu20gk0000/,,,,
TAIAN,,東京都,https://r.gnavi.co.jp/rgwc111e0000/,,,,
LULL,,福井県,https://r.gnavi.co.jp/7tpcuunx0000/,,,,
agnel d’or（アニエルドール）,,大阪府,https://r.gnavi.co.jp/hdck4ju90000/,,,,
sio,,東京都,https://r.gnavi.co.jp/s279sby30000/,,,,
ル・コック,,東京都,https://r.gnavi.co.jp/mxsjy3tf0000/,http://www.lecoq.co.jp/index.html,,,
Restaurant Nori,,鹿児島県,https://r.gnavi.co.jp/m3hakxcd0000/,,,,
テーマレストラン「レ・セレブリテ」,,福岡県,https://r.gnavi.co.jp/mtv86gxn0000/,,,,
ブラッスリー ジャン・ピエール,,福岡県,https://r.gnavi.co.jp/efyytm700000/,,,,
エゴジーヌ,,東京都,https://r.gnavi.co.jp/9ud0kkx20000/,,,,
トレフ ミヤモト,,東京都,https://r.gnavi.co.jp/8u3g6z4d0000/,http://www.3fff-miyamoto.com/,https://www.facebook.com/treffemiyamoto/?ref=bookmarks,,
L’Atlas（ラトラス）,,東京都,https://r.gnavi.co.jp/5z4dnszw0000/,,,,
佛蘭西料理 名古屋,,神奈川県,https://r.gnavi.co.jp/g2kzdejr0000/,,,,
Reconnaissance ルコネッサンス,,愛知県,https://r.gnavi.co.jp/cw3j8m1k0000/,,,,
Gaucher（ゴーシェ）,,東京都,https://r.gnavi.co.jp/k7u9g9660000/,,,,
TATEOKA TAKESHI,,北海道,https://r.gnavi.co.jp/7j8aj78r0000/,http://www.tateokatakeshi.com/,,,
レストラン ル・ボワ 登大路ホテル奈良,,奈良県,https://r.gnavi.co.jp/ar63c3x90000/,,https://www.facebook.com/noborioji/,,
AGRISCAPE,,北海道,https://r.gnavi.co.jp/r114tu5h0000/,,,,
レストラン ラフィナージュ,,東京都,https://r.gnavi.co.jp/6rb8pd0p0000/,,,,
ル・マルカッサンドール,,神奈川県,https://r.gnavi.co.jp/exn6ptng0000/,,,,
Salon inacheve（サロン イナシュヴェ）,,愛知県,https://r.gnavi.co.jp/euvpxxrn0000/,,,,
SYMPA,,東京都,https://r.gnavi.co.jp/hw5ptdxn0000/,,,,
スゥリル,,東京都,https://r.gnavi.co.jp/e63067jh0000/,,,,
山地 陽介,,京都府,https://r.gnavi.co.jp/s28gv3dp0000/,,,,
La Floraison de TAKEUCHI（ラ・フロレゾン・ドゥ・タケウチ）,,愛知県,https://r.gnavi.co.jp/bfuyg2020000/,,,,
ラ・バンリュー アトリエ サイトウ,,神奈川県,https://r.gnavi.co.jp/hkrkc7k70000/,,,,
レストラン ヴァリエ,,大阪府,https://r.gnavi.co.jp/hwjrfw710000/,,,,
LE PIGNON,,愛知県,https://r.gnavi.co.jp/guaxzgt60000/,,,,
espace social Le SALON,,長野県,https://r.gnavi.co.jp/2btxgubw0000/,,,,
ブラッスリー ジャン・ピエール,,福岡県,https://r.gnavi.co.jp/efyytm700000/,,,,
レオーニ,,岡山県,https://r.gnavi.co.jp/7fwyfe4m0000/,,,,
レストラン クロワサンス,,岡山県,https://r.gnavi.co.jp/cngejh3p0000/,,https://www.facebook.com/pages/%E3%83%95%E3%83%AC%E3%83%B3%E3%83%81%E3%83%AC%E3%82%B9%E3%83%88%E3%83%A9%E3%83%B3-%E3%82%AF%E3%83%AD%E3%83%AF%E3%82%B5%E3%83%B3%E3%82%B9/300998343290856?__tn__=kC-R&eid=ARCxwOKu0g_tVuxIEqPKu4MfuZ8c7ilVUgvpO9dpKia_2r4UW4e_QOxjghdo4odweQZiOCd339tGjKmN&hc_ref=ARSPj8-nUgiBaDiL2VRHQvTKezxgoIWs_bocZX6QhGkxYmLxaShaordipRihKczj4zE&fref=tag&__xts__[0]=68.ARAZOykZN0IcdRB6XaIP5SMRMaI1EUZZTVj_kVsiMmxbwlCsIkMFilWDe9SdgwEa5Xwf26OOVAIIpvv2w7kr30mLfw2RMcU-kYIG9AR1udfajTgw3NOPwAOAr2IsdIRFbn_5_pIl7EHvhP9f2jsj9s6VH_hEuk00ho8Nk2QJHl64XyZmZYMBo3thqj3dU-MzhLn0ExcWkn4NeJhJDdGwjO3QwTvaUvm3i4O94qQ9kZulnyTg,,
Restaurant Arena（レストランアレナ）,,福岡県,https://r.gnavi.co.jp/8hccx39w0000/,,,,
フランス料理 壺中天,,愛知県,https://r.gnavi.co.jp/mm5jsfv40000/,,,,
La Reve（ラ レーヴ）,,東京都,https://r.gnavi.co.jp/nunm6xzt0000/,,,,
Le Mansa,,北海道,https://r.gnavi.co.jp/pbe2enyk0000/,,,,
シェ ケンタロウ,,神奈川県,https://r.gnavi.co.jp/s58wcphw0000/,http://chezkentaro.com/,,,
L’eau Blanche,,福岡県,https://r.gnavi.co.jp/phd4ekbr0000/,,,,
La Maison Courtine（ラ メゾン クルティーヌ）,,東京都,https://r.gnavi.co.jp/ketjsbbm0000/,,,,
エディション・コウジ シモムラ,,東京都,https://r.gnavi.co.jp/gafu800/,http://www.koji-shimomura.jp/,,edition@koji-shimomura.jp,
メゾン・ド・タカ芦屋,,兵庫県,https://r.gnavi.co.jp/py8mjv5u0000/,,,,
Ode オード,,東京都,https://r.gnavi.co.jp/p1det9hf0000/,,,,
ボンシィク,,大阪府,https://r.gnavi.co.jp/k740000/,http://www.bon-chic.com/,,,
パガニーニ,,静岡県,https://r.gnavi.co.jp/n515204/,,,,
フレンチレストラン Evoluer,,大阪府,https://r.gnavi.co.jp/82ut80d80000/,,,,
レストラン スーリール（Restaurant Sourire）,,福岡県,https://r.gnavi.co.jp/9nbcfvj50000/,,,,
御影ジュエンヌ,,兵庫県,https://r.gnavi.co.jp/7g6f2z9d0000/,http://juenne.com/,,,
アニオン（AIGNON）,,福岡県,https://r.gnavi.co.jp/a91hxc4c0000/,,,,
Le marchand de bonheur（ルマルシャンドボヌール）,,福岡県,https://r.gnavi.co.jp/40m0hyr60000/,http://www.bonheur-fukuoka.com/,,,
ホテルモントレ大阪 フランス料理 エスカーレ,,大阪府,https://r.gnavi.co.jp/47pfybha0000/,,,,
ブラッスリー ジャン・ピエール,,福岡県,https://r.gnavi.co.jp/efyytm700000/,,,,
l’adour,,愛知県,https://r.gnavi.co.jp/ggww0zhy0000/,,,,
フレンチレストラン・カザマ,,北海道,https://r.gnavi.co.jp/5yz1b8z00000/,,,,
アルカション,,東京都,https://r.gnavi.co.jp/fkhz5e1v0000/,,,,
ラ・ターブル・ド・プロヴァンス（la table de provence）,,福岡県,https://r.gnavi.co.jp/mdggdcfz0000/,,,,
トランテアン,,兵庫県,https://r.gnavi.co.jp/k153800/,http://www.portopia.co.jp/,,trente-et-un@portopia.co.jp,
酒の宿 玉城屋,,新潟県,https://r.gnavi.co.jp/fbxyyuhp0000/,,,,
シェ モア,,新潟県,https://r.gnavi.co.jp/mzsp77c70000/,,,,
Le Signe（ル・シーニュ）,,東京都,https://r.gnavi.co.jp/cx34409k0000/,,,,
レストラン サレ・ポワヴレ,,東京都,https://r.gnavi.co.jp/d2zz8c5t0000/,http://www.salez-et-poivrez.com/,,,
ラ・プロヴァンス,,東京都,https://r.gnavi.co.jp/910j0pma0000/,http://www.interconti-tokyo.com/restaurant/la-provence/,,,
L’oiseau par Matsunaga,,北海道,https://r.gnavi.co.jp/jun35p0e0000/,,https://www.facebook.com/Loiseau-Par-Matsunaga-%E3%83%AD%E3%83%AF%E3%82%BE%E3%83%BC-601156540006861/,,
アジュール フォーティーファイブ,,東京都,https://r.gnavi.co.jp/5e6b59940000/,,,,
BARBACANE,,兵庫県,https://r.gnavi.co.jp/ggpw5k7k0000/,,,,
四間道レストランMATSUURA,,愛知県,https://r.gnavi.co.jp/gt89fgbr0000/,,,,
フランス料理 マルメゾン ホテル阪急インターナショナル,,大阪府,https://r.gnavi.co.jp/pcxk6gu80000/,https://www.hankyu-hotel.com/hotel/hh/hhinternational/restaurants/malmaison,,malmaison@hhi.co.jp,
銀座 シェ・トモ,,東京都,https://r.gnavi.co.jp/bxak0wz60000/,http://www.chez-tomo.com/ginza/,,,
RESTAURANT AIR （レストラン エール）,,東京都,https://r.gnavi.co.jp/phrz7age0000/,http://www.restaurant-air.com/,,,
フレンチレストラン リュニベル,,広島県,https://r.gnavi.co.jp/8g98en940000/,,,,
エサンス,,東京都,https://r.gnavi.co.jp/8mmn8uc00000/,http://www.essence-naito.com/,,,
Restaurant N‐エンヌ‐,,石川県,https://r.gnavi.co.jp/a5afmx5v0000/,http://r.goope.jp/restaurant-n,,,
ブラッスリー ジャン・ピエール,,福岡県,https://r.gnavi.co.jp/efyytm700000/,,,,
レストランひらまつ 高台寺,,京都府,https://r.gnavi.co.jp/ppvwz4mm0000/,https://www.hiramatsurestaurant.jp/hiramatsu-kodaiji/,,,
ピヴォワーヌ（pivoine）,,東京都,https://r.gnavi.co.jp/sm0tbk830000/,,,,
スカイレストラン＆バー トップ オブ ユニバーサル,,大阪府,https://r.gnavi.co.jp/3e8j16cr0000/,http://www.hotelkeihan.co.jp/tower/restaurant/topofuniversal/,,hkut@keihanhotels-resorts.co.jp,
PERTICA,,大阪府,https://r.gnavi.co.jp/4sgmzpmr0000/,,,,
アルシミスト（Les Alchimistes）,,東京都,https://r.gnavi.co.jp/gd69800/,http://www.alchimiste.jp/,,,
レストラン コーダリー,,東京都,https://r.gnavi.co.jp/1tk8ehhg0000/,,,,
le benaton,,兵庫県,https://r.gnavi.co.jp/d5g9vz6s0000/,http://benaton.net/,,,
Restaurant Ma Poule（マ プール）,,東京都,https://r.gnavi.co.jp/gvtuj9he0000/,http://ma-poule.tokyo/,,,
336ebisu（サンサンロクエビス）,,東京都,https://r.gnavi.co.jp/pgcekhfx0000/,https://www.336ebisu.com/,,,
Crony（クローニー）,,東京都,https://r.gnavi.co.jp/m9y1ftpv0000/,http://www.fft-crony.jp/,,,
L’atelier K,,愛知県,https://r.gnavi.co.jp/d311w93s0000/,,,,
レストラン・アルバス（Arbace）,,東京都,https://r.gnavi.co.jp/ncdvza6z0000/,,,,
Le Ciel（ル シエル）,,東京都,https://r.gnavi.co.jp/22vsfswz0000/,,,,
LIEN,,大阪府,https://r.gnavi.co.jp/bv5de1us0000/,,,,
ラ クレリエール,,東京都,https://r.gnavi.co.jp/3768yjj40000/,https://www.la-clairiere.tokyo/,,,
Aile Blanche,,東京都,https://r.gnavi.co.jp/gb0w200/,http://aileblanche.info/,,,
オルタナティブ,,東京都,https://r.gnavi.co.jp/7ru7u6d30000/,http://alternative-tokyo.com/,,,
ALLIE,,東京都,https://r.gnavi.co.jp/mcrwuynv0000/,,,,
レストラン アノレーブ,,東京都,https://r.gnavi.co.jp/2vdw3pvp0000/,,,,
フランス料理マクシミリアン,,神奈川県,https://r.gnavi.co.jp/sssjx9dz0000/,,,,
ブラッスリー ジャン・ピエール,,福岡県,https://r.gnavi.co.jp/efyytm700000/,,,,
Q．E．D．CLUB,,東京都,https://r.gnavi.co.jp/9y7ke4mj0000/,,,,
informel,,東京都,https://r.gnavi.co.jp/esh0wjxz0000/,,,,
l’intemporel（ランタンポレル）,,東京都,https://r.gnavi.co.jp/f47teahg0000/,,,,
レザン・ドール,,福岡県,https://r.gnavi.co.jp/k040etcm0000/,http://raisindor.jp/,,raisindor.ishii2007@gmail.com,
アルテリーベ 横浜本店,,神奈川県,https://r.gnavi.co.jp/83jpkk640000/,,,,
Cot（コット）,,東京都,https://r.gnavi.co.jp/jzfrpepc0000/,http://www.my-partners.com/cot/index.html,,,
Crear Bacchus,,東京都,https://r.gnavi.co.jp/df1x2vss0000/,,,,
ローストビーフの店 鎌倉山 本店,,神奈川県,https://r.gnavi.co.jp/g421400/,http://www.roastbeef.jp/,,honten@roastbeef-kamakurayama.co.jp,
La Modestie,,愛知県,https://r.gnavi.co.jp/4nny4rpd0000/,,,,
レ・サンス,,神奈川県,https://r.gnavi.co.jp/m2xjz1uk0000/,,,,
ラノー・ドール,,東京都,https://r.gnavi.co.jp/gx5cvypn0000/,,,,
和欧創作料理 日和庵,,山口県,https://r.gnavi.co.jp/b3u6a0e40000/,,,,
Bistro 銀,,京都府,https://r.gnavi.co.jp/kb49000/,http://bistro-gin.jp/,,,
TERROIR Kawabata（テロワール・カワバタ）,,東京都,https://r.gnavi.co.jp/cdfygky60000/,,,,
ジャンカルド,,兵庫県,https://r.gnavi.co.jp/p8ufyvrm0000/,,,,
ビストロ・シンバ,,東京都,https://r.gnavi.co.jp/4us5zdwk0000/,http://bistrosimba.jp/,,,
SILK ROAD DINING,,奈良県,https://r.gnavi.co.jp/axcut7170000/,,,,
さとう和牛 牛ん家 Bifteck 御殿山,,東京都,https://r.gnavi.co.jp/cfvb7pz70000/,,,,
魚仁 uoni,,新潟県,https://r.gnavi.co.jp/s0y14zn60000/,,,,
コントワール ミサゴ（Comptoir Missago）,,東京都,https://r.gnavi.co.jp/4teaa4bx0000/,,,,
ブラッスリー ジャン・ピエール,,福岡県,https://r.gnavi.co.jp/efyytm700000/,,,,
sincere（シンシア）,,東京都,https://r.gnavi.co.jp/46ru7r8t0000/,,,,
新門前 米村,,京都府,https://r.gnavi.co.jp/pbs70u850000/,,,,
小泉料理店,,東京都,https://r.gnavi.co.jp/h08dg8530000/,,,,
坂（和仏料理 手打蕎麦）,,北海道,https://r.gnavi.co.jp/buvv474g0000/,,,,
すてーき広尾,,宮城県,https://r.gnavi.co.jp/f0t7wk0w0000/,,,,
しまなみふれんち Murakami,,大阪府,https://r.gnavi.co.jp/2nm7kumw0000/,,,,
アルモニーアンブラッセ大阪 RESTAURANT RAYON,,大阪府,https://r.gnavi.co.jp/7e34uruf0000/,,,,
レストラン トラヴィーニュ,,新潟県,https://r.gnavi.co.jp/fvz7fwt60000/,,,,
Sublime（スブリム）,,東京都,https://r.gnavi.co.jp/8nhh8m3r0000/,https://www.sublime.tokyo/,,,
moRi,,東京都,https://r.gnavi.co.jp/gamz800/,http://www.mori-ebisu.jp/,,,
弘屋,,大阪府,https://r.gnavi.co.jp/ek60rf6a0000/,,,,
ザ・マイルストーン,,香川県,https://r.gnavi.co.jp/57ydmw1t0000/,,,,
ラ メゾン フィニステール,,東京都,https://r.gnavi.co.jp/r2uku4e70000/,,,,
ABASQUE Itsas eta Mendi （アバスク）,,東京都,https://r.gnavi.co.jp/bnsfev0d0000/,,,,
ケンゾーエステイトワイナリー 六本木ヒルズ店,,東京都,https://r.gnavi.co.jp/pm53h8t90000/,,,,
フレンチダイニング リーガトップ,,福岡県,https://r.gnavi.co.jp/f077600/,http://www.rihga-kokura.co.jp/top.html,,kokura-restaurant@rihga.co.jp,
Restaurant RASPBERRY with MOON BAR,,大阪府,https://r.gnavi.co.jp/7ab0hxmr0000/,,,,
釜津田,,東京都,https://r.gnavi.co.jp/8sw0vh9w0000/,http://www.bistrokamatsuda.jp/,,,
岡山長楽亭,,岡山県,https://r.gnavi.co.jp/e1jvbx5z0000/,,,,
RiVi,,大阪府,https://r.gnavi.co.jp/g1ayz7440000/,,,,
ブラッスリー ジャン・ピエール,,福岡県,https://r.gnavi.co.jp/efyytm700000/,,,,
ステーキ割烹 四季,,京都府,https://r.gnavi.co.jp/kb3g800/,http://www.shiki.biz/,,,
akordu（アコルドゥ）,,奈良県,https://r.gnavi.co.jp/2a6up3vw0000/,,,,
ビルボードライブ東京,,東京都,https://r.gnavi.co.jp/6z2nepdu0000/,,,,
レストラン ル・ジャポン,,東京都,https://r.gnavi.co.jp/p6jm20wy0000/,http://le-japon.info/,https://www.facebook.com/RestaurantLejapon,,
キッチンバー混（com）,,大阪府,https://r.gnavi.co.jp/2npg2v8w0000/,,,,
Te’PAN Le OMUS,,埼玉県,https://r.gnavi.co.jp/bs8ywrza0000/,,,,
テラス（TERRACE）,,奈良県,https://r.gnavi.co.jp/guk5y1p60000/,,,,
創作フレンチ鉄板Hanasaki,,東京都,https://r.gnavi.co.jp/g2vfbhj60000/,,,,
ANAクラウンプラザホテル新潟 割烹 萬代,,新潟県,https://r.gnavi.co.jp/p9uc5ju30000/,,,,
びのむ,,東京都,https://r.gnavi.co.jp/ej1y7vvc0000/,,,,
ゆきむら,,宮城県,https://r.gnavi.co.jp/ff2wuyp80000/,http://www.yukimuras.jp/,,,
てんとう虫,,東京都,https://r.gnavi.co.jp/6rtezgcn0000/,,,,
鉄板ステーキ シェルブルー,,奈良県,https://r.gnavi.co.jp/aa4z2y270000/,http://steak-cielbleu.com/,,,
レストラン 花の木,,福岡県,https://r.gnavi.co.jp/9t52f7d80000/,,,,
フレンチファインダイニング シグネチャー,,東京都,https://r.gnavi.co.jp/44aczt3a0000/,http://www.mandarinoriental.co.jp/tokyo/fine-dining/signature,,,
ラヴァンドール,,東京都,https://r.gnavi.co.jp/101jd1xf0000/,,,,
エ・オ＜ベルナール・ロワゾー・スィニャテュール＞,,大阪府,https://r.gnavi.co.jp/md91duza0000/,http://www.e-o.jp/,,,
CP レストラン,,埼玉県,https://r.gnavi.co.jp/69ep5x9h0000/,,,,
ガーデンレストラン 徳川園,,愛知県,https://r.gnavi.co.jp/n002915/,http://www.gr-tokugawa.jp/,,,
RESTAURANT fait maison,,東京都,https://r.gnavi.co.jp/2xfjb24s0000/,http://faitmaison.jp/restaurant/,,,
ブラッスリー ジャン・ピエール,,福岡県,https://r.gnavi.co.jp/efyytm700000/,,,,
コジト,,東京都,https://r.gnavi.co.jp/g148403/,,,,
日本各地の名産食材と食文化×フレンチ Restaurant Re：中目黒,,東京都,https://r.gnavi.co.jp/9c619z4b0000/,,,,
mon atelier （モナトリエ）,,東京都,https://r.gnavi.co.jp/pws38mvu0000/,,,,
Rikyu,,大阪府,https://r.gnavi.co.jp/ntm0wr0a0000/,,,,
季音 鎌倉,,神奈川県,https://r.gnavi.co.jp/6sy0sevu0000/,,,,
ＴＳＵＫＩＭＩＳＯ,,東京都,https://r.gnavi.co.jp/g649100/,http://asa-kusa.jp/tsukimiso/index.html,https://www.facebook.com/pages/%E3%82%B7%E3%83%BC%E3%83%95%E3%83%BC%E3%83%89%E3%83%AC%E3%82%B9%E3%83%88%E3%83%A9%E3%83%B3%E6%9C%88%E8%A6%8B%E8%8D%89%EF%BC%B4%EF%BC%B3%EF%BC%B5%EF%BC%AB%EF%BC%A9%EF%BC%AD%EF%BC%A9%EF%BC%B3%EF%BC%AF/272710656093415,,
銀座 レストラン オザミ,,東京都,https://r.gnavi.co.jp/6mnte0360000/,https://auxamis.com/restaurant,,,
ヴァリノール（Valinor）,,東京都,https://r.gnavi.co.jp/45wcvcyp0000/,,,,
OZAWA,,広島県,https://r.gnavi.co.jp/y076100/,https://www.oriental-hiroshima.com/restaurant/restaurant.html#restaurantTab1,https://www.facebook.com/French.ozawa/,ozawa@oriental-hiroshima.com,
アルカナ東京 KITTE丸の内,,東京都,https://r.gnavi.co.jp/gd1n627/,http://www.arcana.co.jp/,,info@arcana.co.jp,
レストラン アピシウス,,東京都,https://r.gnavi.co.jp/a323700/,http://www.apicius.co.jp/index.html,,apicius@apex-co.co.jp,
Ｆｉｓｈ Ｂａｎｋ ＴＯＫＹＯ,,東京都,https://r.gnavi.co.jp/g939300/,http://www.fish-bank-tokyo.jp/,,fish-bank-tokyo@ed-ge.co.jp,
レオーネ,,大阪府,https://r.gnavi.co.jp/c593500/,https://www.jack-leone.net/,,info@jack-leone.sakura.ne.jp,
ロティスリー カルトポスタル,,福岡県,https://r.gnavi.co.jp/3u34wy3r0000/,,https://www.facebook.com/%E3%83%AD%E3%83%86%E3%82%A3%E3%82%B9%E3%83%AA%E3%83%BC-%E3%82%AB%E3%83%AB%E3%83%88%E3%83%9D%E3%82%B9%E3%82%BF%E3%83%AB-725343644158151/,,
ドメイヌ・ドゥ・ミクニ,,長野県,https://r.gnavi.co.jp/n635100/,http://domaine-de-mikuni.com/,,,
パッション,,東京都,https://r.gnavi.co.jp/g486400/,,,info@pachon.co.jp,
カシュカシュ,,東京都,https://r.gnavi.co.jp/g150600/,http://www.bistrot-cachecache.com/,,,
ピエール・ガニェール,,東京都,https://r.gnavi.co.jp/a238705/,http://www.anaintercontinental-tokyo.jp/pierre_gagnaire/,,pierre.gagnaire@anaintercontinental-tokyo.jp,
シェ松尾 松濤レストラン,,東京都,https://r.gnavi.co.jp/gaum100/,http://chez-matsuo.co.jp/restaurant/shoto/,,,
ル・ブルギニオン,,東京都,https://r.gnavi.co.jp/gc6t200/,,,,
ブラッスリー ジャン・ピエール,,福岡県,https://r.gnavi.co.jp/efyytm700000/,,,,
ボン・シャン,,東京都,https://r.gnavi.co.jp/g657300/,,,,
「ラ・ベ」,,大阪府,https://r.gnavi.co.jp/c416804/,http://www.ritz-carlton.co.jp/,,rc.osarz.restaurant.rsv@ritzcarlton.com,
エプバンタイユ,,大阪府,https://r.gnavi.co.jp/k261900/,http://www.epouvantail.jp/,,epv@deluxe.ocn.ne.jp,
おはらス レストラン,,東京都,https://r.gnavi.co.jp/n2zb3v0t0000/,,,,
ジョエル・ロブション,,東京都,https://r.gnavi.co.jp/7ss19ej90000/,http://www.robuchon.jp/ebisu/,,,
COMME A LA MAISON,,東京都,https://r.gnavi.co.jp/jwkkbds10000/,,,,
KAMIMURA,,北海道,https://r.gnavi.co.jp/ajwx4bd90000/,http://www.kamimura-niseko.com/,,reservations@kamimura-niseko.com,
芦屋フレンチ 北じま,,兵庫県,https://r.gnavi.co.jp/1bg75hjg0000/,http://ashiya-kitajima.jp/,,,
KABCO,,東京都,https://r.gnavi.co.jp/j0ahxebg0000/,,,,
Nabeno‐Ism,,東京都,https://r.gnavi.co.jp/nzd9mduw0000/,http://nabeno-ism.tokyo/,,,
コンヴィヴィアリテ,,大阪府,https://r.gnavi.co.jp/e0rzav0x0000/,http://www.convivialite.info/,,,
レストラン カンテサンス,,東京都,https://r.gnavi.co.jp/azg07a4w0000/,http://www.quintessence.jp/,,,
トゥールダルジャン,,東京都,https://r.gnavi.co.jp/gax9800/,http://www.latourdargent.jp/,,tourdargent@newotani.co.jp,
ラ・ロシェル南青山,,東京都,https://r.gnavi.co.jp/smcun8c90000/,,,,
LATURE,,東京都,https://r.gnavi.co.jp/aybhhten0000/,https://www.lature.jp/,,,
ESqUISSE,,東京都,https://r.gnavi.co.jp/229p8n6h0000/,http://www.esquissetokyo.com/,,,
ツシミ（TSU・SHI・MI）,,東京都,https://r.gnavi.co.jp/185rr5hp0000/,,,,
ラトリエ ドゥ ジョエル・ロブション,,東京都,https://r.gnavi.co.jp/f4j3xrp30000/,http://www.robuchon.jp/,,,
カイラダ（KAIRADA）,,東京都,https://r.gnavi.co.jp/ruj8t7pn0000/,http://kairada.wpblog.jp/,,,
elan vital,,東京都,https://r.gnavi.co.jp/etpyyshp0000/,,,,
ブラッスリー ジャン・ピエール,,福岡県,https://r.gnavi.co.jp/efyytm700000/,,,,
フランス料理「レ セゾン」,,大阪府,https://r.gnavi.co.jp/8ymfbvmk0000/,http://www.imperialhotel.co.jp/j/,,,
Aimable－エマーブル－,,岡山県,https://r.gnavi.co.jp/eujbew740000/,,,,
オルグイユ,,東京都,https://r.gnavi.co.jp/n7kkbve10000/,,,,
ル・コントワール・ドゥ・レジオン,,東京都,https://r.gnavi.co.jp/g1msg7te0000/,http://www.le-comptoir-des-regions.com/,,,
レストランマッカリーナ,,北海道,https://r.gnavi.co.jp/f2tmnvhm0000/,http://www.maccarina.co.jp/,,,
コラージュ,,東京都,https://r.gnavi.co.jp/rhd57wxw0000/,http://www.conradtokyo.co.jp/collage/,,,
ル・レストラン マロニエ,,兵庫県,https://r.gnavi.co.jp/nd72aucb0000/,,,,
フランス料理 サンク,,愛知県,https://r.gnavi.co.jp/se3h6yxt0000/,,,,
Kiyo Courage,,広島県,https://r.gnavi.co.jp/m1pv25e80000/,http://www.kiyocourage.jp/,https://www.facebook.com/profile.php?id=100016162096007&fref=ts,,
クラフタル,,東京都,https://r.gnavi.co.jp/jrn4ysuu0000/,http://tables.jp.net/craftale,,,
ル モマン （Le moment）,,東京都,https://r.gnavi.co.jp/gmrb9hkd0000/,http://www.le-moment.jp/,,,
エパヌイ,,東京都,https://r.gnavi.co.jp/33rh781y0000/,http://epanoui.net/,,,
Restaurant TOYO Tokyo （レストラン トヨ トーキョー）,,東京都,https://r.gnavi.co.jp/kwxxw0uw0000/,,,,
レ セゾン,,東京都,https://r.gnavi.co.jp/akjznytp0000/,,,,
L´Etude（レチュード）,,三重県,https://r.gnavi.co.jp/ds1rjs2p0000/,,,,
Les Ailes des K,,東京都,https://r.gnavi.co.jp/61j1avr70000/,,,,
cadre（カードル）,,福井県,https://r.gnavi.co.jp/fywyf4jd0000/,,,,
ル・タン・ペルデュ,,愛知県,https://r.gnavi.co.jp/ph57fdwb0000/,,,,
桜下亭,,広島県,https://r.gnavi.co.jp/2dxfx9zz0000/,http://www.oukatei.jp/top.html,,contact@oukatei.jp,
hiroto,,広島県,https://r.gnavi.co.jp/8vxyu14u0000/,,,,
ブラッスリー ジャン・ピエール,,福岡県,https://r.gnavi.co.jp/efyytm700000/,,,,
コンヴィヴィアリテ・イチノセ,,群馬県,https://r.gnavi.co.jp/khnr8d3m0000/,,https://www.facebook.com/Convivialite.Ichinose,,
オーベルジュ・ド・ぷれざんす 桜井,,奈良県,https://r.gnavi.co.jp/kp59667c0000/,,,,
レストラン マノワ,,東京都,https://r.gnavi.co.jp/b7vu5stg0000/,,,,
フランス料理 ル・クール,,千葉県,https://r.gnavi.co.jp/1g5shrzm0000/,,,,
ジャン・ジョルジュ トウキョウ,,東京都,https://r.gnavi.co.jp/ahdn99bk0000/,,,,
ミュゼ ボンヴィヴァン,,三重県,https://r.gnavi.co.jp/4wd86a8y0000/,,,,
祇園 呂色,,京都府,https://r.gnavi.co.jp/3ej3cbh50000/,,,,
デッサンプリュス,,愛知県,https://r.gnavi.co.jp/rz7g8w0h0000/,,,,
L’ORANGE,,北海道,https://r.gnavi.co.jp/5gx3b6xd0000/,,,,
フレンチレストラン シェ・スガヤ,,北海道,https://r.gnavi.co.jp/9e9whagz0000/,,,,
Restaurant VITRA NAGOYA,,愛知県,https://r.gnavi.co.jp/kkhb2zzk0000/,,,,
シェ・ブラウゼ,,岐阜県,https://r.gnavi.co.jp/88senjfh0000/,,,,
フランス料理 シュマンドール,,群馬県,https://r.gnavi.co.jp/a596400/,http://www.chemindor.com/,,,
葉山庵Tokyo,,東京都,https://r.gnavi.co.jp/myh88xt50000/,http://hayamaan.com/tokyo/,,,
モリエール,,北海道,https://r.gnavi.co.jp/h352500/,http://www.sapporo-moliere.com/,,,
ベルナール,,石川県,https://r.gnavi.co.jp/r193000/,https://bernard-2009425.amebaownd.com/,,,
La Cime,,大阪府,https://r.gnavi.co.jp/kapk400/,http://www.la-cime.com/,,,
レストランひらまつ,,東京都,https://r.gnavi.co.jp/1cmy817c0000/,http://www.hiramatsu.jp/hiroo/,,,
Restaurant La FinS,,東京都,https://r.gnavi.co.jp/duv849g60000/,,,,
ル・ミロワール,,広島県,https://r.gnavi.co.jp/3nstpgsc0000/,http://le-miroir.jp/,,,
ブラッスリー ジャン・ピエール,,福岡県,https://r.gnavi.co.jp/efyytm700000/,,,,
エルルカン ビス,,神奈川県,https://r.gnavi.co.jp/5wjg7c2c0000/,http://www.herlequin.com/,,,
オオハラ エ シー アイイー,,東京都,https://r.gnavi.co.jp/42nfjubw0000/,,,,
ヌキテパ,,東京都,https://r.gnavi.co.jp/7c8n0gh20000/,,,,
La Maison de la Nature Goh,,福岡県,https://r.gnavi.co.jp/8rm3e4pg0000/,,,,
レストラン プルニエ,,東京都,https://r.gnavi.co.jp/6bkw34un0000/,,,,
フランス料理 ル・ジャルダン グルマン,,広島県,https://r.gnavi.co.jp/g260371a0000/,,,,
フランス料理 颯香亭（そうかてい）,,福岡県,https://r.gnavi.co.jp/3s7c5gh20000/,http://info-soukatei.com/,,,
1er cru（プルミエ・クリュ）,,長崎県,https://r.gnavi.co.jp/ramyrb5z0000/,,,,
Le chez crit（ル シェクリ）,,東京都,https://r.gnavi.co.jp/hefrzb100000/,,,,
Restaurant Sola,,福岡県,https://r.gnavi.co.jp/pud531550000/,https://sola-factory.com/,,,
フレンチレストラン Liaison,,大阪府,https://r.gnavi.co.jp/bgtec4gv0000/,http://thedining.org/,,,
グランドキュイジーヌ ラ・カスカドゥ,,福岡県,https://r.gnavi.co.jp/c8mfrz430000/,,,,
フレンチレストラン「ル シエール」,,神奈川県,https://r.gnavi.co.jp/g622200/,http://www.yrph.com/,,,
葉山ホテル音羽ノ森レストラン潮幸,,神奈川県,https://r.gnavi.co.jp/b274500/,http://www.otowanomori.jp/,,,
オーベルジュ ル・タン,,静岡県,https://r.gnavi.co.jp/n020400/,http://www.le-temps.jp/,,alt@mail.wbs.ne.jp,
北島亭,,東京都,https://r.gnavi.co.jp/rrhgun930000/,,,,
京料理とフレンチ 嵐山 ＭＩＴＡＴＥ,,京都府,https://r.gnavi.co.jp/5rkdete50000/,,,,
オーベルジュ・ド・リル トーキョー,,東京都,https://r.gnavi.co.jp/jswg6m1v0000/,https://www.hiramatsurestaurant.jp/aubergedelill-tokyo/,,,
gawa Mishima,,静岡県,https://r.gnavi.co.jp/e7xtztj20000/,http://www.gawa-mishima.com/,https://www.facebook.com/masamichi.ogawa.7?ref=bookmarks,,
la clochette（ラ・クロシェット）,,石川県,https://r.gnavi.co.jp/rstk7pnn0000/,,,,
ブラッスリー ジャン・ピエール,,福岡県,https://r.gnavi.co.jp/efyytm700000/,,,,
シェ･ル･ラグー,,福島県,https://r.gnavi.co.jp/t132100/,,,,
夜景×フランス料理 シマラボ Shimalabo,,広島県,https://r.gnavi.co.jp/hdynwn780000/,http://restaurant-shimamura.jp/,,s-shimamura@ac.auone-net.jp,
トップレストラン フォーシーズン,,富山県,https://r.gnavi.co.jp/rdny39z90000/,http://www.newotani-takaoka.co.jp/restaurant/four_seasons/,,,
フレンチレストラン 神楽坂ラリアンス L’Alliance,,東京都,https://r.gnavi.co.jp/g568700/,http://www.lalliance.jp/,http://www.facebook.com/lalliancekagurazaka,info@lalliance.jp,
銀座 大石,,東京都,https://r.gnavi.co.jp/7au1yufr0000/,,,,
レストラン ドンピエール 銀座本店 （RESTAURANT dompierre）,,東京都,https://r.gnavi.co.jp/g467000/,http://www.dompierre.jp/,,dompierre@dompierre.jp,
Margotto e Baciare,,東京都,https://r.gnavi.co.jp/fj98hhzb0000/,,,,
プレスキル～Presquile～ 淀屋橋,,大阪府,https://r.gnavi.co.jp/29c1y54d0000/,,,,
ワインレストラン ドミナス,,東京都,https://r.gnavi.co.jp/fkkvxppt0000/,http://www.dominus.jp/,,,
RESTAURANT TAILLA,,広島県,https://r.gnavi.co.jp/h10w891y0000/,,,,
グルマンディーズ （Gourmandise）,,東京都,https://r.gnavi.co.jp/7vc5tx320000/,https://www.at-ml.jp/71666/,,,
gentil‐h,,東京都,https://r.gnavi.co.jp/c6100zyw0000/,http://www.gentil-h.com/,,info@gentil-h.com,
メゾンラフィット,,福岡県,https://r.gnavi.co.jp/stn3wv2w0000/,,https://www.facebook.com/pages/%E3%83%A1%E3%82%BE%E3%83%B3%E3%83%A9%E3%83%95%E3%82%A3%E3%83%83%E3%83%88/334565393308344,,
ahill azabu,,東京都,https://r.gnavi.co.jp/g889500/,http://www.ahill.jp/,,,
ahill ginza,,東京都,https://r.gnavi.co.jp/9f06we4j0000/,http://www.ahill.jp/ginza/index.html,,,
フレンチ＆イタリアン デュオ フルシェット,,東京都,https://r.gnavi.co.jp/92vk5zs90000/,,,,
セララバアド,,東京都,https://r.gnavi.co.jp/jsrs695g0000/,https://www.celaravird.com/,,,
GRAND DIA,,愛知県,https://r.gnavi.co.jp/f2gj3ec30000/,,,,
Cuisinierさわだ,,広島県,https://r.gnavi.co.jp/154yh9090000/,,,,
a vin de garde（アヴァンギャルド）,,福岡県,https://r.gnavi.co.jp/6fnpvxet0000/,,,,
ブラッスリー ジャン・ピエール,,福岡県,https://r.gnavi.co.jp/efyytm700000/,,,,
BISTROQUET YAMANE 北新地,,大阪府,https://r.gnavi.co.jp/91xz4nf80000/,,,,
マダム・トキ,,東京都,https://r.gnavi.co.jp/mjg71ads0000/,,,,
レストランKEI,,愛知県,https://r.gnavi.co.jp/g4t4mtyw0000/,,,,
レストラン ZK（ジーケー）,,大阪府,https://r.gnavi.co.jp/s2g4c1cc0000/,http://www.miyakohotels.ne.jp/osaka-m-miyako/restaurant/57/,,,
神戸ベイシェラトン ホテル＆タワーズ「Kobe Grill」,,兵庫県,https://r.gnavi.co.jp/k673204/,http://www.sheraton-kobe.co.jp/,,kobegrill@sheraton-kobe.co.jp,
KITANO CLUB,,兵庫県,https://r.gnavi.co.jp/kbvv300/,http://www.kitanoclub.co.jp/,,info@kitanoclub.co.jp,
翠嵐 ラグジュアリーコレクションホテル 京都 京 翠嵐,,京都府,https://r.gnavi.co.jp/ezszkccx0000/,http://www.suirankyoto.com/,,restaurant@suirankyoto.com,
SECRETO,,東京都,https://r.gnavi.co.jp/j9kgg8cj0000/,,,,
Droit,,京都府,https://r.gnavi.co.jp/n1h1fxzj0000/,,,,
オーセンティックリビングブッチャーエヌワイシー,,福岡県,https://r.gnavi.co.jp/a0v067j40000/,,,,
FRENCH TEPPAN 静香庵,,新潟県,https://r.gnavi.co.jp/pfd7c3wj0000/,,,,
ステーキ懐石 都 春日,,広島県,https://r.gnavi.co.jp/b4e1y9b50000/,http://miyako-kasuga.jp/,,info@miyak-fukuyama.jp,
プライベートダイニング 「ザ・セラー」,,東京都,https://r.gnavi.co.jp/rh9usczk0000/,,,,
窯焼きステーキ 焚火（TAKIBI）,,愛知県,https://r.gnavi.co.jp/dd6njkac0000/,https://www.kamayaki-takibi.jp/,,,
マンハッタン,,東京都,https://r.gnavi.co.jp/5tt08bzb0000/,,,,
トロワフレーシュ,,東京都,https://r.gnavi.co.jp/5gt7r3bc0000/,http://www.trois-fleches.com/,,,
スカイレストラン サンセット,,千葉県,https://r.gnavi.co.jp/kemganzz0000/,,https://www.facebook.com/sharer.php?u=http%3A%2F%2Fr.gnavi.co.jp%2Fkemganzz0000%2F,,
創作料理さくら,,茨城県,https://r.gnavi.co.jp/jzrp0pwv0000/,,https://www.facebook.com/sharer.php?u=http%3A%2F%2Fr.gnavi.co.jp%2Fjzrp0pwv0000%2F,,
ポム・ダダン,,東京都,https://r.gnavi.co.jp/99a1kcwm0000/,,https://www.facebook.com/sharer.php?u=http%3A%2F%2Fr.gnavi.co.jp%2F99a1kcwm0000%2F,,
ケンゾーエステイトワイナリー 大阪店,,大阪府,https://r.gnavi.co.jp/30ab1v2e0000/,,https://www.facebook.com/sharer.php?u=http%3A%2F%2Fr.gnavi.co.jp%2F30ab1v2e0000%2F,,
ブラッスリー ジャン・ピエール,,福岡県,https://r.gnavi.co.jp/efyytm700000/,,,,
エスカイヤクラブ OSビル店,,大阪府,https://r.gnavi.co.jp/d90bp3sz0000/,,https://www.facebook.com/sharer.php?u=http%3A%2F%2Fr.gnavi.co.jp%2Fd90bp3sz0000%2F,,
レストラン スポンタネ,,京都府,https://r.gnavi.co.jp/cgyh8wmm0000/,,https://www.facebook.com/sharer.php?u=http%3A%2F%2Fr.gnavi.co.jp%2Fcgyh8wmm0000%2F,,
創作フレンチ ショウズ鉄板ダイニング,,神奈川県,https://r.gnavi.co.jp/gfwkdwhf0000/,,https://www.facebook.com/sharer.php?u=http%3A%2F%2Fr.gnavi.co.jp%2Fgfwkdwhf0000%2F,,
Cailloux blancs Keizo,,沖縄県,https://r.gnavi.co.jp/bz394t040000/,,https://www.facebook.com/sharer.php?u=http%3A%2F%2Fr.gnavi.co.jp%2Fbz394t040000%2F,,
ウェスタ,,東京都,https://r.gnavi.co.jp/6g9djtte0000/,,https://www.facebook.com/sharer.php?u=http%3A%2F%2Fr.gnavi.co.jp%2F6g9djtte0000%2F,,
デ アドミラル,,長崎県,https://r.gnavi.co.jp/pxcfj7xc0000/,,https://www.facebook.com/sharer.php?u=http%3A%2F%2Fr.gnavi.co.jp%2Fpxcfj7xc0000%2F,,
ラ ターブル ドゥ ジョエル・ロブション,,東京都,https://r.gnavi.co.jp/kz85rr7r0000/,,https://www.facebook.com/sharer.php?u=http%3A%2F%2Fr.gnavi.co.jp%2Fkz85rr7r0000%2F,,
Gastronomique LeMont,,静岡県,https://r.gnavi.co.jp/m94vjuuf0000/,,https://www.facebook.com/sharer.php?u=http%3A%2F%2Fr.gnavi.co.jp%2Fm94vjuuf0000%2F,,
祇園 おくむら,,京都府,https://r.gnavi.co.jp/fptcnd7f0000/,,https://www.facebook.com/sharer.php?u=http%3A%2F%2Fr.gnavi.co.jp%2Ffptcnd7f0000%2F,,
レストラン エッサンス,,福岡県,https://r.gnavi.co.jp/rm4225hn0000/,,https://www.facebook.com/sharer.php?u=http%3A%2F%2Fr.gnavi.co.jp%2Frm4225hn0000%2F,,
saveur＜サヴール＞,,北海道,https://r.gnavi.co.jp/8sf1vt6z0000/,,https://www.facebook.com/sharer.php?u=http%3A%2F%2Fr.gnavi.co.jp%2F8sf1vt6z0000%2F,,
Restaurant gri－gri,,東京都,https://r.gnavi.co.jp/arw125x50000/,,https://www.facebook.com/sharer.php?u=http%3A%2F%2Fr.gnavi.co.jp%2Farw125x50000%2F,,
フレンチダイニング トップオブキョウト,,京都府,https://r.gnavi.co.jp/nv5b2cne0000/,,https://www.facebook.com/sharer.php?u=http%3A%2F%2Fr.gnavi.co.jp%2Fnv5b2cne0000%2F,,
AIC 秋津洲 京都,,京都府,https://r.gnavi.co.jp/1kckryn50000/,,https://www.facebook.com/sharer.php?u=http%3A%2F%2Fr.gnavi.co.jp%2F1kckryn50000%2F,,
ホテル ラ・スイート神戸ハーバーランド,,兵庫県,https://r.gnavi.co.jp/40j8b3m10000/,,https://www.facebook.com/sharer.php?u=http%3A%2F%2Fr.gnavi.co.jp%2F40j8b3m10000%2F,,
匠 奥村,,京都府,https://r.gnavi.co.jp/s6yrr2c70000/,,https://www.facebook.com/sharer.php?u=http%3A%2F%2Fr.gnavi.co.jp%2Fs6yrr2c70000%2F,,
Ciel Azur,,大分県,https://r.gnavi.co.jp/bmk5jbka0000/,,https://www.facebook.com/sharer.php?u=http%3A%2F%2Fr.gnavi.co.jp%2Fbmk5jbka0000%2F,,
ザ・ファイブシーズン中野（ホテル国際21グループ）,,長野県,https://r.gnavi.co.jp/p06k74cd0000/,,https://www.facebook.com/sharer.php?u=http%3A%2F%2Fr.gnavi.co.jp%2Fp06k74cd0000%2F,,
BonPaPa,,長野県,https://r.gnavi.co.jp/k2901em70000/,,https://www.facebook.com/sharer.php?u=http%3A%2F%2Fr.gnavi.co.jp%2Fk2901em70000%2F,,
メインダイニングルーム「三笠」,,奈良県,https://r.gnavi.co.jp/hn8pzfav0000/,,https://www.facebook.com/sharer.php?u=http%3A%2F%2Fr.gnavi.co.jp%2Fhn8pzfav0000%2F,,
ブラッスリー ジャン・ピエール,,福岡県,https://r.gnavi.co.jp/efyytm700000/,,,,
イル ド フランス,,北海道,https://r.gnavi.co.jp/d8yj76rn0000/,,https://www.facebook.com/sharer.php?u=http%3A%2F%2Fr.gnavi.co.jp%2Fd8yj76rn0000%2F,,
ダイニングルーム ボーセジュール,,長野県,https://r.gnavi.co.jp/br39wafj0000/,,https://www.facebook.com/sharer.php?u=http%3A%2F%2Fr.gnavi.co.jp%2Fbr39wafj0000%2F,,
四季交楽然,,東京都,https://r.gnavi.co.jp/n8d5j5ff0000/,,https://www.facebook.com/sharer.php?u=http%3A%2F%2Fr.gnavi.co.jp%2Fn8d5j5ff0000%2F,,
GINZA Georges un cinq,,東京都,https://r.gnavi.co.jp/gzj7959j0000/,,https://www.facebook.com/sharer.php?u=http%3A%2F%2Fr.gnavi.co.jp%2Fgzj7959j0000%2F,,
ザンビ,,愛知県,https://r.gnavi.co.jp/61gcvd4m0000/,,https://www.facebook.com/sharer.php?u=http%3A%2F%2Fr.gnavi.co.jp%2F61gcvd4m0000%2F,,
Vaas（ルグラン軽井沢ホテル＆リゾート）,,長野県,https://r.gnavi.co.jp/6yprasd20000/,,https://www.facebook.com/sharer.php?u=http%3A%2F%2Fr.gnavi.co.jp%2F6yprasd20000%2F,,
シンフォニー,,東京都,https://r.gnavi.co.jp/134jyx6j0000/,,https://www.facebook.com/sharer.php?u=http%3A%2F%2Fr.gnavi.co.jp%2F134jyx6j0000%2F,,
L’ORANGERIE,,東京都,https://r.gnavi.co.jp/jygh9bu00000/,,https://www.facebook.com/sharer.php?u=http%3A%2F%2Fr.gnavi.co.jp%2Fjygh9bu00000%2F,,
LA TRACE,,奈良県,https://r.gnavi.co.jp/gwun1zph0000/,,https://www.facebook.com/sharer.php?u=http%3A%2F%2Fr.gnavi.co.jp%2Fgwun1zph0000%2F,,
素福,,京都府,https://r.gnavi.co.jp/f76u7hg90000/,,https://www.facebook.com/sharer.php?u=http%3A%2F%2Fr.gnavi.co.jp%2Ff76u7hg90000%2F,,
RESTAURANT hidamarino,,京都府,https://r.gnavi.co.jp/kwrc54re0000/,,https://www.facebook.com/sharer.php?u=http%3A%2F%2Fr.gnavi.co.jp%2Fkwrc54re0000%2F,,
Restaurant VITRA,,京都府,https://r.gnavi.co.jp/7r9hssaa0000/,,https://www.facebook.com/sharer.php?u=http%3A%2F%2Fr.gnavi.co.jp%2F7r9hssaa0000%2F,,
フレンチごはん 西麻布GINA （ジーナ）,,東京都,https://r.gnavi.co.jp/a78gmtuh0000/,,https://www.facebook.com/sharer.php?u=http%3A%2F%2Fr.gnavi.co.jp%2Fa78gmtuh0000%2F,,
レストラン アラスカ 本店,,大阪府,https://r.gnavi.co.jp/9rcjfb020000/,,https://www.facebook.com/sharer.php?u=http%3A%2F%2Fr.gnavi.co.jp%2F9rcjfb020000%2F,,
ALLAMANDA GARDEN RISTORANTE STELLA,,東京都,https://r.gnavi.co.jp/etpmhe2c0000/,,https://www.facebook.com/sharer.php?u=http%3A%2F%2Fr.gnavi.co.jp%2Fetpmhe2c0000%2F,,
AU GAMIN DE TOKIO,,東京都,https://r.gnavi.co.jp/4fzf4sg70000/,,https://www.facebook.com/sharer.php?u=http%3A%2F%2Fr.gnavi.co.jp%2F4fzf4sg70000%2F,,
鳥羽国際ホテル シーホース,,三重県,https://r.gnavi.co.jp/nstsz8tn0000/,,https://www.facebook.com/sharer.php?u=http%3A%2F%2Fr.gnavi.co.jp%2Fnstsz8tn0000%2F,,
農家レストラン かしきや,,群馬県,https://r.gnavi.co.jp/6h4varjw0000/,,https://www.facebook.com/sharer.php?u=http%3A%2F%2Fr.gnavi.co.jp%2F6h4varjw0000%2F,,
Essentiel,,大阪府,https://r.gnavi.co.jp/gycb1nxt0000/,,https://www.facebook.com/sharer.php?u=http%3A%2F%2Fr.gnavi.co.jp%2Fgycb1nxt0000%2F,,
salle de Makino,,東京都,https://r.gnavi.co.jp/25cd4vfk0000/,,https://www.facebook.com/sharer.php?u=http%3A%2F%2Fr.gnavi.co.jp%2F25cd4vfk0000%2F,,
ブラッスリー ジャン・ピエール,,福岡県,https://r.gnavi.co.jp/efyytm700000/,,,,
a.ligne ～アリーニュ～,,愛知県,https://r.gnavi.co.jp/f2ddyy450000/,,https://www.facebook.com/sharer.php?u=http%3A%2F%2Fr.gnavi.co.jp%2Ff2ddyy450000%2F,,
フランス料理 ボルドー,,京都府,https://r.gnavi.co.jp/2npptgp10000/,,https://www.facebook.com/sharer.php?u=http%3A%2F%2Fr.gnavi.co.jp%2F2npptgp10000%2F,,
レストラン ル・ポワロン,,茨城県,https://r.gnavi.co.jp/7my5tp9u0000/,,https://www.facebook.com/sharer.php?u=http%3A%2F%2Fr.gnavi.co.jp%2F7my5tp9u0000%2F,,
オテル ド ヨシノ,,和歌山県,https://r.gnavi.co.jp/a0jj56nz0000/,,https://www.facebook.com/sharer.php?u=http%3A%2F%2Fr.gnavi.co.jp%2Fa0jj56nz0000%2F,,
ランパール,,東京都,https://r.gnavi.co.jp/ks9gv50j0000/,,https://www.facebook.com/sharer.php?u=http%3A%2F%2Fr.gnavi.co.jp%2Fks9gv50j0000%2F,,
宇宙色の鼻,,新潟県,https://r.gnavi.co.jp/jhyghamy0000/,,https://www.facebook.com/sharer.php?u=http%3A%2F%2Fr.gnavi.co.jp%2Fjhyghamy0000%2F,,
レ・シャンドール,,京都府,https://r.gnavi.co.jp/c8d43c6x0000/,,https://www.facebook.com/sharer.php?u=http%3A%2F%2Fr.gnavi.co.jp%2Fc8d43c6x0000%2F,,
華胥の郷,,岩手県,https://r.gnavi.co.jp/139tv3270000/,,https://www.facebook.com/sharer.php?u=http%3A%2F%2Fr.gnavi.co.jp%2F139tv3270000%2F,,
ル・フェドラ,,兵庫県,https://r.gnavi.co.jp/rn0ju9r70000/,,https://www.facebook.com/sharer.php?u=http%3A%2F%2Fr.gnavi.co.jp%2Frn0ju9r70000%2F,,
レストラン chez Fujii／シェ・フジイ,,富山県,https://r.gnavi.co.jp/6n68zkmk0000/,,https://www.facebook.com/sharer.php?u=http%3A%2F%2Fr.gnavi.co.jp%2F6n68zkmk0000%2F,,
ヴァンサンク・ブランシュ,,大阪府,https://r.gnavi.co.jp/rzcru66v0000/,,https://www.facebook.com/sharer.php?u=http%3A%2F%2Fr.gnavi.co.jp%2Frzcru66v0000%2F,,
Restaurant UOZEN,,新潟県,https://r.gnavi.co.jp/mac1s2az0000/,,https://www.facebook.com/sharer.php?u=http%3A%2F%2Fr.gnavi.co.jp%2Fmac1s2az0000%2F,,
GENTO,,兵庫県,https://r.gnavi.co.jp/3hg3r2m20000/,,https://www.facebook.com/sharer.php?u=http%3A%2F%2Fr.gnavi.co.jp%2F3hg3r2m20000%2F,,
禊川,,京都府,https://r.gnavi.co.jp/2r3fa99r0000/,,https://www.facebook.com/sharer.php?u=http%3A%2F%2Fr.gnavi.co.jp%2F2r3fa99r0000%2F,,
フランス料理「アジュール」,,神奈川県,https://r.gnavi.co.jp/e7zdccyr0000/,,https://www.facebook.com/sharer.php?u=http%3A%2F%2Fr.gnavi.co.jp%2Fe7zdccyr0000%2F,,
屈斜路湖鶴雅オーベルジュ SoRa,,北海道,https://r.gnavi.co.jp/j9yac2xx0000/,,https://www.facebook.com/sharer.php?u=http%3A%2F%2Fr.gnavi.co.jp%2Fj9yac2xx0000%2F,,
La Plage,,新潟県,https://r.gnavi.co.jp/mrje4bwf0000/,,https://www.facebook.com/sharer.php?u=http%3A%2F%2Fr.gnavi.co.jp%2Fmrje4bwf0000%2F,,
レストラン Petits Fours,,宮崎県,https://r.gnavi.co.jp/1c5hmnww0000/,,https://www.facebook.com/sharer.php?u=http%3A%2F%2Fr.gnavi.co.jp%2F1c5hmnww0000%2F,,
鉄鋼会館 ニューオータニ,,東京都,https://r.gnavi.co.jp/gmsh1caf0000/,,https://www.facebook.com/sharer.php?u=http%3A%2F%2Fr.gnavi.co.jp%2Fgmsh1caf0000%2F,,
ジャルダン ドゥ ボヌール,,北海道,https://r.gnavi.co.jp/6vwuujmp0000/,,https://www.facebook.com/sharer.php?u=http%3A%2F%2Fr.gnavi.co.jp%2F6vwuujmp0000%2F,,
ブラッスリー ジャン・ピエール,,福岡県,https://r.gnavi.co.jp/efyytm700000/,,,,
東山ロベールデュマ,,石川県,https://r.gnavi.co.jp/ktuv3ytu0000/,,https://www.facebook.com/sharer.php?u=http%3A%2F%2Fr.gnavi.co.jp%2Fktuv3ytu0000%2F,,
Pinox,,福岡県,https://r.gnavi.co.jp/ka7cynnd0000/,,https://www.facebook.com/sharer.php?u=http%3A%2F%2Fr.gnavi.co.jp%2Fka7cynnd0000%2F,,
シェ・モリ,,兵庫県,https://r.gnavi.co.jp/6uwkh9d30000/,,https://www.facebook.com/sharer.php?u=http%3A%2F%2Fr.gnavi.co.jp%2F6uwkh9d30000%2F,,
リザーブドクルーズ 横浜 みなとみらい,,神奈川県,https://r.gnavi.co.jp/4ysm4adg0000/,,https://www.facebook.com/sharer.php?u=http%3A%2F%2Fr.gnavi.co.jp%2F4ysm4adg0000%2F,,
レストランMORI,,福岡県,https://r.gnavi.co.jp/m63mw31j0000/,,https://www.facebook.com/sharer.php?u=http%3A%2F%2Fr.gnavi.co.jp%2Fm63mw31j0000%2F,,
フランス料理 榛名,,東京都,https://r.gnavi.co.jp/h0w1cnpa0000/,,https://www.facebook.com/sharer.php?u=http%3A%2F%2Fr.gnavi.co.jp%2Fh0w1cnpa0000%2F,,
【山の上ホテル】　フレンチレストラン　ラヴィ,,東京都,https://r.gnavi.co.jp/c8tb90g20000/,,https://www.facebook.com/sharer.php?u=http%3A%2F%2Fr.gnavi.co.jp%2Fc8tb90g20000%2F,,
ビストロ シャテール,,東京都,https://r.gnavi.co.jp/2cb3943p0000/,,https://www.facebook.com/sharer.php?u=http%3A%2F%2Fr.gnavi.co.jp%2F2cb3943p0000%2F,,
マルディ・グラ,,東京都,https://r.gnavi.co.jp/mm238cyv0000/,,https://www.facebook.com/sharer.php?u=http%3A%2F%2Fr.gnavi.co.jp%2Fmm238cyv0000%2F,,
KAMOS HIBIYA,,東京都,https://r.gnavi.co.jp/34zjcgu50000/,,https://www.facebook.com/sharer.php?u=http%3A%2F%2Fr.gnavi.co.jp%2F34zjcgu50000%2F,,
KAWASAKI,,静岡県,https://r.gnavi.co.jp/r20r6cy60000/,,https://www.facebook.com/sharer.php?u=http%3A%2F%2Fr.gnavi.co.jp%2Fr20r6cy60000%2F,,
Marques Gastronomy＆Wine,,神奈川県,https://r.gnavi.co.jp/9em0e45c0000/,,https://www.facebook.com/sharer.php?u=http%3A%2F%2Fr.gnavi.co.jp%2F9em0e45c0000%2F,,
グルマン橘,,京都府,https://r.gnavi.co.jp/h7rxu6ae0000/,,https://www.facebook.com/sharer.php?u=http%3A%2F%2Fr.gnavi.co.jp%2Fh7rxu6ae0000%2F,,
Le cafe Printanier,,秋田県,https://r.gnavi.co.jp/hbuffncy0000/,,https://www.facebook.com/sharer.php?u=http%3A%2F%2Fr.gnavi.co.jp%2Fhbuffncy0000%2F,,
フランス料理 Makino,,石川県,https://r.gnavi.co.jp/91wnsdwu0000/,,https://www.facebook.com/sharer.php?u=http%3A%2F%2Fr.gnavi.co.jp%2F91wnsdwu0000%2F,,
割烹フレンチ 一穀一枝（いちごいちえ）,,愛知県,https://r.gnavi.co.jp/eeauzj3x0000/,,https://www.facebook.com/sharer.php?u=http%3A%2F%2Fr.gnavi.co.jp%2Feeauzj3x0000%2F,,
Cuisson de La viande,,沖縄県,https://r.gnavi.co.jp/h9ndv2cn0000/,,https://www.facebook.com/sharer.php?u=http%3A%2F%2Fr.gnavi.co.jp%2Fh9ndv2cn0000%2F,,
KOKORO 鉄板焼 Chez yasu,,大阪府,https://r.gnavi.co.jp/jh3d79jd0000/,,https://www.facebook.com/sharer.php?u=http%3A%2F%2Fr.gnavi.co.jp%2Fjh3d79jd0000%2F,,
フレンチレストラン エスコフィエ －ESCOFFIER－,,愛知県,https://r.gnavi.co.jp/kg1urrpr0000/,,https://www.facebook.com/sharer.php?u=http%3A%2F%2Fr.gnavi.co.jp%2Fkg1urrpr0000%2F,,
ビストロ 白樺,,東京都,https://r.gnavi.co.jp/gf3pdf0u0000/,,https://www.facebook.com/sharer.php?u=http%3A%2F%2Fr.gnavi.co.jp%2Fgf3pdf0u0000%2F,,
ブラッスリー ジャン・ピエール,,福岡県,https://r.gnavi.co.jp/efyytm700000/,,,,
SAMURAI dos Premium Steak House 八重洲鉄鋼ビル店,,東京都,https://r.gnavi.co.jp/1er0z97g0000/,,https://www.facebook.com/sharer.php?u=http%3A%2F%2Fr.gnavi.co.jp%2F1er0z97g0000%2F,,
ル・ラヴィッスマン,,愛知県,https://r.gnavi.co.jp/jnjprg080000/,,https://www.facebook.com/sharer.php?u=http%3A%2F%2Fr.gnavi.co.jp%2Fjnjprg080000%2F,,
サエラ,,東京都,https://r.gnavi.co.jp/6phvze8j0000/,,https://www.facebook.com/sharer.php?u=http%3A%2F%2Fr.gnavi.co.jp%2F6phvze8j0000%2F,,
DEUXART,,東京都,https://r.gnavi.co.jp/jkcf28g40000/,,https://www.facebook.com/sharer.php?u=http%3A%2F%2Fr.gnavi.co.jp%2Fjkcf28g40000%2F,,
サルキッチン,,東京都,https://r.gnavi.co.jp/578n9fb00000/,,https://www.facebook.com/sharer.php?u=http%3A%2F%2Fr.gnavi.co.jp%2F578n9fb00000%2F,,
Coucou c’est moi ！,,東京都,https://r.gnavi.co.jp/ck59bb730000/,,https://www.facebook.com/sharer.php?u=http%3A%2F%2Fr.gnavi.co.jp%2Fck59bb730000%2F,,
銀座 ミヤガワ,,東京都,https://r.gnavi.co.jp/3wyxzp4h0000/,,https://www.facebook.com/sharer.php?u=http%3A%2F%2Fr.gnavi.co.jp%2F3wyxzp4h0000%2F,,
フランス料理 FURUKAWAYA,,東京都,https://r.gnavi.co.jp/kwm8e3gn0000/,,https://www.facebook.com/sharer.php?u=http%3A%2F%2Fr.gnavi.co.jp%2Fkwm8e3gn0000%2F,,
MAURESQUE,,東京都,https://r.gnavi.co.jp/2p9m947k0000/,,https://www.facebook.com/sharer.php?u=http%3A%2F%2Fr.gnavi.co.jp%2F2p9m947k0000%2F,,
ADELINE,,静岡県,https://r.gnavi.co.jp/n85b1ryx0000/,,https://www.facebook.com/sharer.php?u=http%3A%2F%2Fr.gnavi.co.jp%2Fn85b1ryx0000%2F,,
LA．VEILLEE,,東京都,https://r.gnavi.co.jp/pncs6mud0000/,,https://www.facebook.com/sharer.php?u=http%3A%2F%2Fr.gnavi.co.jp%2Fpncs6mud0000%2F,,
Ryourinin Miwa,,神奈川県,https://r.gnavi.co.jp/j0hf462j0000/,,https://www.facebook.com/sharer.php?u=http%3A%2F%2Fr.gnavi.co.jp%2Fj0hf462j0000%2F,,
GARNIER,,東京都,https://r.gnavi.co.jp/4ncthzs10000/,,https://www.facebook.com/sharer.php?u=http%3A%2F%2Fr.gnavi.co.jp%2F4ncthzs10000%2F,,
レストラン新月,,兵庫県,https://r.gnavi.co.jp/cjtgz1gd0000/,,https://www.facebook.com/sharer.php?u=http%3A%2F%2Fr.gnavi.co.jp%2Fcjtgz1gd0000%2F,,
東京ヴァンテアンクルーズ,,東京都,https://r.gnavi.co.jp/6rf6j8ez0000/,,https://www.facebook.com/sharer.php?u=http%3A%2F%2Fr.gnavi.co.jp%2F6rf6j8ez0000%2F,,
ル マルカッサン,,東京都,https://r.gnavi.co.jp/dparguus0000/,,https://www.facebook.com/sharer.php?u=http%3A%2F%2Fr.gnavi.co.jp%2Fdparguus0000%2F,,
横浜うかい亭,,神奈川県,https://r.gnavi.co.jp/4wj3x2t60000/,,https://www.facebook.com/sharer.php?u=http%3A%2F%2Fr.gnavi.co.jp%2F4wj3x2t60000%2F,,
UTAKATA,,東京都,https://r.gnavi.co.jp/37m4yjjj0000/,,https://www.facebook.com/sharer.php?u=http%3A%2F%2Fr.gnavi.co.jp%2F37m4yjjj0000%2F,,
Salon de gout,,東京都,https://r.gnavi.co.jp/s2e0s83a0000/,,https://www.facebook.com/sharer.php?u=http%3A%2F%2Fr.gnavi.co.jp%2Fs2e0s83a0000%2F,,
LaLune,,東京都,https://r.gnavi.co.jp/23tf6vk80000/,,https://www.facebook.com/sharer.php?u=http%3A%2F%2Fr.gnavi.co.jp%2F23tf6vk80000%2F,,